ticker,date,open,high,low,close,volume,updated_at,source,stale,currency
2802,2026-10-01,5076.0000,5167.0000,5050.0000,5159.0000,575700,2026-10-01T00:45:22.048511+00:00,yahoo,false,JPY
4004,2026-10-01,15000.0000,15225.0000,14945.0000,15080.0000,329300,2026-10-01T00:45:22.048511+00:00,yahoo,false,JPY
4063,2026-10-01,5943.0000,6007.0000,5930.0000,5988.0000,1085800,2026-10-01T00:45:22.048511+00:00,yahoo,false,JPY
5801,2026-10-01,3881.0000,3916.0000,3845.0000,3882.0000,3883800,2026-10-01T00:45:22.048511+00:00,yahoo,false,JPY
5802,2026-10-01,2349.5000,2372.5000,2298.5000,2299.5000,5654200,2026-10-01T00:45:22.048511+00:00,yahoo,false,JPY
6268,2026-10-01,4909.0000,4955.0000,4900.0000,4909.0000,113700,2026-10-01T00:45:22.048511+00:00,yahoo,false,JPY
6324,2026-10-01,6460.0000,6520.0000,6420.0000,6460.0000,128900,2026-10-01T00:45:22.048511+00:00,yahoo,false,JPY
6501,2026-10-01,5460.0000,5520.0000,5443.0000,5492.0000,2589700,2026-10-01T00:45:22.048511+00:00,yahoo,false,JPY
6503,2026-10-01,5183.0000,5237.0000,5154.0000,5221.0000,836700,2026-10-01T00:45:22.048511+00:00,yahoo,false,JPY
6674,2026-10-01,5445.0000,5482.0000,5406.0000,5450.0000,84100,2026-10-01T00:45:22.048511+00:00,yahoo,false,JPY
6702,2026-10-01,3959.0000,3982.0000,3942.0000,3972.0000,813600,2026-10-01T00:45:22.048511+00:00,yahoo,false,JPY
6762,2026-10-01,3021.0000,3050.0000,2999.5000,3014.0000,1678000,2026-10-01T00:45:22.048511+00:00,yahoo,false,JPY
7203,2026-10-01,2900.0000,2917.5000,2894.5000,2902.5000,4227700,2026-10-01T00:45:22.048511+00:00,yahoo,false,JPY
AAOI,2026-09-29,98.7700,103.8300,97.4300,100.6700,7248802,2026-09-30T00:41:46.189836+00:00,alphavantage,false,USD
AAPL,2026-09-30,330.8000,339.5000,330.1401,333.0200,49067551,2026-10-01T00:44:46.937846+00:00,alphavantage,false,USD
ABT,2026-09-30,100.5700,100.6300,98.7200,98.8300,7468722,2026-10-01T00:44:46.937846+00:00,alphavantage,false,USD
ALAB,2026-09-30,359.7100,363.0000,343.3800,355.9700,3251726,2026-10-01T00:44:46.937846+00:00,alphavantage,false,USD
AMZN,2026-09-30,246.7900,252.4400,246.0800,249.1500,41247381,2026-10-01T00:44:46.937846+00:00,alphavantage,false,USD
ANET,2026-09-30,204.2400,207.4300,203.0900,203.5900,4843174,2026-10-01T00:44:46.937846+00:00,alphavantage,false,USD
ATI,2026-09-30,188.2400,190.1800,183.0600,189.4000,1455062,2026-10-01T00:44:46.937846+00:00,alphavantage,false,USD
AVAV,2026-09-30,143.5200,145.4812,142.0200,142.2200,1175841,2026-10-01T00:44:46.937846+00:00,alphavantage,false,USD
AVGO,2026-09-30,356.9000,357.9000,350.6900,351.1900,18310534,2026-10-01T00:44:46.937846+00:00,alphavantage,false,USD
BE,2026-09-30,296.0600,300.4600,276.9000,276.9800,14561889,2026-10-01T00:44:46.937846+00:00,alphavantage,false,USD
BEAM,2026-09-30,24.7900,25.2000,24.4100,24.4500,1555391,2026-10-01T00:44:46.937846+00:00,alphavantage,false,USD
BKR,2026-09-30,56.1850,56.4700,54.7900,54.9000,8343765,2026-10-01T00:44:46.937846+00:00,alphavantage,false,USD
BWXT,2026-09-30,139.5500,140.0450,134.1200,137.0000,1426345,2026-10-01T00:44:46.937846+00:00,alphavantage,false,USD
CCJ,2026-09-30,87.7900,89.9200,86.6000,86.6700,2932911,2026-10-01T00:44:46.937846+00:00,alphavantage,false,USD
COHR,2026-09-30,294.6600,299.5000,282.2500,287.8100,5312580,2026-10-01T00:44:46.937846+00:00,alphavantage,false,USD
COIN,2026-09-30,195.5000,198.6590,184.2900,186.4100,8297192,2026-10-01T00:44:46.937846+00:00,alphavantage,false,USD
CRCL,2026-09-30,85.7200,86.9500,82.1100,82.1700,8493907,2026-10-01T00:44:46.937846+00:00,alphavantage,false,USD
CRSP,2026-09-30,56.5500,57.1100,55.2800,55.3200,1164584,2026-10-01T00:44:46.937846+00:00,alphavantage,false,USD
CRWD,2026-09-30,264.2700,268.9500,261.5820,264.7500,8746064,2026-10-01T00:44:46.937846+00:00,alphavantage,false,USD
ENPH,2026-09-30,32.3800,33.9000,32.0811,32.9900,5562381,2026-10-01T00:44:46.937846+00:00,alphavantage,false,USD
ETN,2026-09-30,434.0000,434.7500,428.0000,429.7100,1861683,2026-10-01T00:44:46.937846+00:00,alphavantage,false,USD
FORM,2026-09-25,130.8500,133.0600,128.2163,129.6900,882326,2026-09-26T00:02:54.258144+00:00,alphavantage,false,USD
GLW,2026-09-25,156.0000,157.7200,154.2000,156.7400,5367863,2026-09-26T00:02:54.258144+00:00,alphavantage,false,USD
GOOGL,2026-09-25,342.3500,347.0300,341.1100,343.9200,21247821,2026-09-26T00:02:54.258144+00:00,alphavantage,false,USD
HOOD,2026-09-25,121.6300,121.9000,117.5300,119.4000,13821206,2026-09-26T00:02:54.258144+00:00,alphavantage,false,USD
INSM,2026-09-25,121.8700,122.9000,115.8700,117.8300,2672619,2026-09-26T00:02:54.258144+00:00,alphavantage,false,USD
IONQ,2026-09-25,44.7000,46.5499,44.1200,45.4800,27311759,2026-09-26T00:02:54.258144+00:00,alphavantage,false,USD
ISRG,2026-09-29,411.9000,414.2043,407.0700,412.1800,1877308,2026-09-30T00:41:46.189836+00:00,alphavantage,false,USD
JNJ,2026-09-25,271.7000,272.2459,269.2573,271.2200,4058873,2026-09-26T00:02:54.258144+00:00,alphavantage,false,USD
JPM,2026-09-25,340.7650,343.3100,338.6400,343.0600,9834441,2026-09-26T00:02:54.258144+00:00,alphavantage,false,USD
LEU,2026-09-25,148.2700,150.1700,146.7750,147.0700,392703,2026-09-26T00:02:54.258144+00:00,alphavantage,false,USD
LHX,2026-09-25,238.1100,240.9800,236.7900,237.6900,1625446,2026-09-26T00:02:54.258144+00:00,alphavantage,false,USD
LLY,2026-09-28,1180.3000,1194.0900,1172.5600,1184.7800,1965959,2026-09-29T01:11:05.634607+00:00,alphavantage,false,USD
MDT,2026-09-28,88.3150,89.5300,87.5200,89.5000,22521618,2026-09-29T01:11:05.634607+00:00,alphavantage,false,USD
MP,2026-09-28,47.6800,47.8308,46.3100,46.4500,5252707,2026-09-29T01:11:05.634607+00:00,alphavantage,false,USD
MRK,2026-09-28,147.6500,149.1900,146.2800,148.6900,7522302,2026-09-29T01:11:05.634607+00:00,alphavantage,false,USD
MRVL,2026-09-28,259.6500,261.7814,248.1415,251.9000,16218205,2026-09-29T01:11:05.634607+00:00,alphavantage,false,USD
MSFT,2026-09-28,505.4700,513.3300,502.2200,509.2200,19539839,2026-09-29T01:11:05.634607+00:00,alphavantage,false,USD
MUFG,2026-09-28,23.5000,23.5850,23.3300,23.3700,2249909,2026-09-29T01:11:05.634607+00:00,alphavantage,false,USD
NEE,2026-09-28,76.0300,76.2200,75.1500,75.4900,13631429,2026-09-29T01:11:05.634607+00:00,alphavantage,false,USD
NRIX,2026-09-28,22.8600,23.6900,22.4100,23.6700,1475735,2026-09-29T01:11:05.634607+00:00,alphavantage,false,USD
NTRA,2026-09-28,409.0200,417.3750,406.2950,411.7700,1627321,2026-09-29T01:11:05.634607+00:00,alphavantage,false,USD
NTSK,2026-09-28,17.1400,18.0250,17.1000,17.8500,4676073,2026-09-29T01:11:05.634607+00:00,alphavantage,false,USD
NVTS,2026-09-28,12.1000,12.1800,11.6000,11.7300,13241690,2026-09-29T01:11:05.634607+00:00,alphavantage,false,USD
OII,2026-09-28,46.6600,47.0100,45.6700,45.8400,537534,2026-09-29T01:11:05.634607+00:00,alphavantage,false,USD
OKLO,2026-09-28,37.2000,38.0800,36.9100,37.1100,6402149,2026-09-29T01:11:05.634607+00:00,alphavantage,false,USD
ON,2026-09-28,77.0000,77.2100,74.1100,75.6500,10369296,2026-09-29T01:11:05.634607+00:00,alphavantage,false,USD
ORCL,2026-09-28,132.7250,135.6900,131.5800,132.6000,31519698,2026-09-29T01:11:05.634607+00:00,alphavantage,false,USD
PANW,2026-09-28,370.6100,394.5000,367.2678,392.0900,5987591,2026-09-29T01:11:05.634607+00:00,alphavantage,false,USD
PATH,2026-09-28,11.9900,12.3550,11.5700,12.1900,49243194,2026-09-29T01:11:05.634607+00:00,alphavantage,false,USD
PFE,2026-09-28,28.6200,28.8700,28.3900,28.7200,24672991,2026-09-29T01:11:05.634607+00:00,alphavantage,false,USD
PLTR,2026-09-28,186.2310,190.2500,185.6200,187.4800,17358416,2026-09-29T01:11:05.634607+00:00,alphavantage,false,USD
PLUG,2026-09-29,1.9100,1.9400,1.8800,1.9100,52484550,2026-09-30T00:41:46.189836+00:00,alphavantage,false,USD
PSNL,2026-09-29,16.2500,16.4700,16.0800,16.3500,1037828,2026-09-30T00:41:46.189836+00:00,alphavantage,false,USD
PTC,2026-09-29,137.8700,138.8600,134.3106,137.5600,1205432,2026-09-30T00:41:46.189836+00:00,alphavantage,false,USD
QBTS,2026-09-29,17.1100,17.2100,16.3650,16.4300,14281062,2026-09-30T00:41:46.189836+00:00,alphavantage,false,USD
QCOM,2026-09-29,189.4800,190.0300,182.2300,184.1000,9944381,2026-09-30T00:41:46.189836+00:00,alphavantage,false,USD
QS,2026-09-29,4.6450,4.7250,4.5500,4.5900,11489519,2026-09-30T00:41:46.189836+00:00,alphavantage,false,USD
RGTI,2026-09-29,16.3800,16.4250,15.7300,15.7400,12971399,2026-09-30T00:41:46.189836+00:00,alphavantage,false,USD
RKLB,2026-09-29,73.4700,74.2500,69.4000,69.7000,18508293,2026-09-30T00:41:46.189836+00:00,alphavantage,false,USD
RMBS,2026-09-29,104.5700,104.8700,101.6500,103.1200,1285103,2026-09-30T00:41:46.189836+00:00,alphavantage,false,USD
RVMD,2026-09-29,201.4100,204.9600,200.0000,204.4800,1707541,2026-09-30T00:41:46.189836+00:00,alphavantage,false,USD
SOFI,2026-09-29,16.1050,16.2100,15.8600,15.9100,35595510,2026-09-30T00:41:46.189836+00:00,alphavantage,false,USD
SPCX,2026-09-29,146.6750,150.0600,145.4700,149.2400,79601369,2026-09-30T00:41:46.189836+00:00,alphavantage,false,USD
TEM,2026-09-29,85.4850,89.0900,81.7800,82.5800,6267143,2026-09-30T00:41:46.189836+00:00,alphavantage,false,USD
TENB,2026-09-29,34.3400,35.0550,33.9000,34.9900,2075549,2026-09-30T00:41:46.189836+00:00,alphavantage,false,USD
TSLA,2026-09-29,358.4000,358.7400,351.6700,352.8400,31631375,2026-09-30T00:41:46.189836+00:00,alphavantage,false,USD
TWST,2026-09-29,179.9000,190.7600,179.7250,186.1300,3224602,2026-09-30T00:41:46.189836+00:00,alphavantage,false,USD
VRT,2026-09-29,251.3800,254.1300,246.8400,248.3400,3241798,2026-09-30T00:41:46.189836+00:00,alphavantage,false,USD
XOM,2026-09-29,160.2150,161.9650,159.2700,161.3500,9117546,2026-09-30T00:41:46.189836+00:00,alphavantage,false,USD
